keyword,volume,keyword_difficulty,cpc,best_position,best_position_url,sum_traffic,is_informational,is_commercial,is_transactional
ecommerce market research,350,0,491,2,https://www.researchandmarkets.com/report,123,True,True,False
seo industry size,600,44,,1,https://www.researchandmarkets.com/report/seo,89,True,True,False
aircraft hangar market,200,4,,1,https://www.researchandmarkets.com/report/aircraft-hangar,82,True,True,False
food processing equipment manufacturers,700,4,246,5,https://www.researchandmarkets.com/articles/key-companies-in-food-processing-equipment,80,True,True,False
market research market size,200,76,546,1,https://www.researchandmarkets.com/report/market-research-service,79,True,True,False
hospitality market,200,45,178,1,https://www.researchandmarkets.com/report/hospitality,74,True,True,False
childcare management software market,200,4,0,1,https://www.researchandmarkets.com/report/childcare-management-software,70,True,True,False
seo market size,600,44,479,1,https://www.researchandmarkets.com/report/seo,67,True,True,False
thid,400,0,23,1,https://www.researchandmarkets.com/reports/4430071/thid-the-ultimate-outcome-of-rfid,64,True,False,False
virtualization software market,150,14,,1,https://www.researchandmarkets.com/report/virtualization-software,63,True,True,False
research on market,150,37,387,2,https://www.researchandmarkets.com/,62,True,True,False
laminated veneer lumber market,150,2,,1,https://www.researchandmarkets.com/report/laminated-veneer-lumber,59,True,True,False
global search engine optimization,400,95,,1,https://www.researchandmarkets.com/report/seo,58,True,True,False
crane rental market,150,3,,1,https://www.researchandmarkets.com/report/cranes-rental,56,True,True,False
satellite modem market,150,0,,1,https://www.researchandmarkets.com/report/satellite-modem,55,True,True,False
seo industry report,150,82,376,1,https://www.researchandmarkets.com/report/seo,53,True,True,False
atm makers,800,4,126,1,https://www.researchandmarkets.com/articles/key-companies-in-automated-teller-machines,50,True,True,False
seo market analysis,400,49,39,4,https://www.researchandmarkets.com/report/seo,49,True,True,False
e commerce market research,150,4,414,2,https://www.researchandmarkets.com/report/e-commerce,45,True,True,False
atm providers,1200,4,250,1,https://www.researchandmarkets.com/articles/key-companies-in-automated-teller-machines,45,True,True,False
bfsi contact center analytics market,100,0,,1,https://www.researchandmarkets.com/reports/6070370/bfsi-contact-center-analytics-global-strategic,44,True,True,False
acrylic surface coating market,100,1,,2,https://www.researchandmarkets.com/report/acrylic-surface-coating,41,True,True,False
size of seo market,500,0,479,6,https://www.researchandmarkets.com/report/seo,41,True,True,False
research market,100,86,407,1,https://www.researchandmarkets.com/,40,True,True,False
the size of the seo opportunity,100,31,,1,https://www.researchandmarkets.com/report/seo,40,True,True,False
medical crutches market,100,2,,1,https://www.researchandmarkets.com/reports/5734492/medical-crutches-market-size-share-and-trends,39,True,True,False
motorcycle infotainment system market,100,8,,1,https://www.researchandmarkets.com/report/motorcycle-infotainment,38,True,True,False
research markets,100,87,362,1,https://www.researchandmarkets.com/,37,True,True,False
is weed legal in china,1700,3,,11,https://www.researchandmarkets.com/report/china-cannabis-market,36,True,False,False
amblyopia market,100,2,,1,https://www.researchandmarkets.com/report/global-amblyopia-market,35,True,True,False
hydrogen generator manufacturers,100,2,303,1,https://www.researchandmarkets.com/articles/key-companies-in-hydrogen-generator,35,True,True,False
hvac air filter market,100,13,,1,https://www.researchandmarkets.com/report/hvac-filter,35,True,True,False
efficacy testing market,100,0,,1,https://www.researchandmarkets.com/reports/5174078/efficacy-testing-market-by-service-type,34,True,True,False
"market survey, high schools",300,17,,3,https://www.researchandmarkets.com/reports/5807032/secondary-school-market-report,33,True,False,False
barrier materials market,90,1,,1,https://www.researchandmarkets.com/report/barrier-material,31,True,True,False
epichlorohydrin market,150,0,,2,https://www.researchandmarkets.com/report/epichlorohydrin,30,True,True,False
managed mpls market,80,1,,1,https://www.researchandmarkets.com/report/managed-mpls,29,True,True,False
healthy snacks market,700,26,15,1,https://www.researchandmarkets.com/report/healthy-snack,29,True,True,False
call center market,80,37,356,1,https://www.researchandmarkets.com/reports/338444/call_centers_global_strategic_business_report,28,True,True,False
industrial lubricants manufacturers,250,31,316,1,https://www.researchandmarkets.com/articles/key-companies-in-industrial-lubricant,28,True,True,False
outsourced customer care services market,200,1,,2,https://www.researchandmarkets.com/report/cx-outsourcing,28,True,True,False
industrial computed tomography market,250,19,670,4,https://www.researchandmarkets.com/report/industrial-computed-tomography,28,True,True,False
display controller news,1400,0,,12,https://www.researchandmarkets.com/report/europe-display-driver-market,28,True,True,False
seo market share,200,54,,4,https://www.researchandmarkets.com/report/seo,27,True,True,False
coding bootcamp market,200,13,656,1,https://www.researchandmarkets.com/report/coding-bootcamp,27,True,True,False
market and research,80,73,117,1,https://www.researchandmarkets.com/,27,True,True,False
memory manufacturers,200,2,164,1,https://www.researchandmarkets.com/articles/key-companies-in-next-generation-memory,27,True,True,False
advanced persistent threat protection market,200,6,,2,https://www.researchandmarkets.com/report/advanced-persistent-threat,27,True,True,False
research the market,250,74,407,1,https://www.researchandmarkets.com/,27,True,True,False
contract management companies,200,15,49,1,https://www.researchandmarkets.com/articles/key-companies-in-enterprise-contract-management,27,True,True,False
earthing equipment market,200,0,,2,https://www.researchandmarkets.com/report/earthing-equipment,27,True,True,False
personal finance software market,250,22,,1,https://www.researchandmarkets.com/reports/5876167/personal-finance-software-market-size-share-and,27,True,True,False
two-wheeler tire market,70,0,,1,https://www.researchandmarkets.com/report,26,True,True,False
legal practice management software market,70,3,1000,1,https://www.researchandmarkets.com/reports/5954691/legal-practice-management-software-market-report,26,True,True,False
guar gum market,200,18,,3,https://www.researchandmarkets.com/reports/5790708/guar-gum-market-report,26,True,True,False
nvh testing market,200,1,,4,https://www.researchandmarkets.com/reports/5911663/nvh-testing-market-global-industry-size,26,True,True,False
seo market research,250,40,548,5,https://www.researchandmarkets.com/report/seo,25,True,True,False
wind turbine inspection drones market,150,1,,2,https://www.researchandmarkets.com/report/wind-turbine-inspection-drone,25,True,True,False
precision fermentation companies,70,6,200,1,https://www.researchandmarkets.com/articles/key-companies-in-precision-fermentation,25,True,True,False
tobacco market,900,3,25,6,https://www.researchandmarkets.com/report/united-states-tobacco-market,25,True,True,False
frp vessels market,150,3,,2,https://www.researchandmarkets.com/report/frp-tank,24,True,True,False
operational intelligence market,70,0,,1,https://www.researchandmarkets.com/report/operational-intelligence,24,True,True,False
air cushion packaging market,150,1,,2,https://www.researchandmarkets.com/reports/5995088/air-cushion-packaging-market-report,24,True,True,False
bulk material handling companies,150,28,354,4,https://www.researchandmarkets.com/articles/key-companies-in-bulk-material-handling-product-and-technology,23,True,True,False
financial services market research,200,3,634,1,https://www.researchandmarkets.com/reports/5939673/financial-services-market-report,23,True,True,False
markets and research,60,85,,1,https://www.researchandmarkets.com/,23,True,True,False
agribusiness market,100,11,,1,https://www.researchandmarkets.com/report/agribusiness,23,True,True,False
chemical software market,150,1,,2,https://www.researchandmarkets.com/report/chemical-software,23,True,True,False
goat milk powder market,60,4,,1,https://www.researchandmarkets.com/report/goat-milk-powder,23,True,True,False
e-learning market,150,35,335,2,https://www.researchandmarkets.com/report/e-learning,22,True,True,False
automatic transfer switch manufacturers,150,5,286,1,https://www.researchandmarkets.com/articles/key-companies-in-automatic-transfer-switches,22,True,True,False
customs audit market,150,0,,1,https://www.researchandmarkets.com/report/customs-audit,22,True,True,False
rail logistics market,150,2,,2,https://www.researchandmarkets.com/reports/4991010/rail-logistics-market-2024-2028,22,True,True,False
flexible packaging companies,350,4,169,1,https://www.researchandmarkets.com/articles/key-companies-in-flexible-packaging,22,True,True,False
sports market report,60,23,149,1,https://www.researchandmarkets.com/reports/5939106/sports-market-report,22,True,True,False
cellulose sponge market,60,3,,1,https://www.researchandmarkets.com/report/cellulose-sponge,22,True,True,False
vacuum truck market,150,6,,2,https://www.researchandmarkets.com/report/united-states-vacuum-truck-market,22,True,True,False
coal tar pitch market,150,1,,2,https://www.researchandmarkets.com/reports/6086516/coal-tar-pitch-market-global-industry-size,22,True,True,False
drippers market,200,4,,3,https://www.researchandmarkets.com/reports/5877662/drippers-market-global-industry-size-share,21,True,True,False
railway traction motor market,150,3,,1,https://www.researchandmarkets.com/report/railway-traction-motor,21,True,True,False
digital workplace solutions companies,200,14,590,1,https://www.researchandmarkets.com/articles/key-companies-in-digital-workspace,21,True,True,False
bfsi security market,200,3,,3,https://www.researchandmarkets.com/report/bfsi-security,21,True,True,False
hospital capacity management solutions market,150,6,,2,https://www.researchandmarkets.com/report/hospital-capacity-management-solutions,21,True,True,False
flexible endoscopes market,200,1,,3,https://www.researchandmarkets.com/report/flexible-endoscopes,21,True,True,False
aromatic ketone polymer market,60,0,,1,https://www.researchandmarkets.com/report/aromatic-ketone-polymers,20,True,True,False
vae emulsion market,60,0,,1,https://www.researchandmarkets.com/reports/6111301/vae-emulsion-market-size-share-and-trends,20,True,True,False
hemorrhoid treatment devices market,60,0,,1,https://www.researchandmarkets.com/report/hemorrhoid-treatment-device,20,True,True,False
industrial power supply manufacturers,350,3,209,7,https://www.researchandmarkets.com/articles/key-companies-in-industrial-power-supply,20,True,True,False
research and market,60,92,154,1,https://www.researchandmarkets.com/,20,True,True,False
ball clay market,150,2,,3,https://www.researchandmarkets.com/reports/5820607/ball-clay-market-report-form-price-end-use,20,True,True,False
electric actuators suppliers,350,3,286,6,https://www.researchandmarkets.com/articles/key-companies-in-electric-linear-actuator,20,True,True,False
stealth coating market,150,2,,3,https://www.researchandmarkets.com/report/stealth-coating,19,True,True,False
foundry coke market,150,2,,1,https://www.researchandmarkets.com/reports/5980044/foundry-coke-market-report-trends-forecast,19,True,True,False
insulating glass window market,150,13,,2,https://www.researchandmarkets.com/report/insulated-glass,19,True,True,False
education consulting market,150,26,,1,https://www.researchandmarkets.com/report/education-consulting,19,True,True,False
chloroprene rubber market,150,2,,2,https://www.researchandmarkets.com/reports/5457644/chloroprene-rubber-market-size-share-and-trends,19,True,True,False
us packaging industry,100,15,,3,https://www.researchandmarkets.com/report/united-states-packaging-market,19,True,True,False
oil services companies,150,0,202,6,https://www.researchandmarkets.com/articles,19,True,True,False
milling machine manufacturers,150,1,256,1,https://www.researchandmarkets.com/articles/key-companies-in-milling-machine,19,True,True,False
industrial pumps market,150,7,,3,https://www.researchandmarkets.com/reports/4031979/industrial-pumps-market-size-share-and-trends,19,True,True,False
